{"currentGen":22,"bestDistance":13.231186866760254,"bestFitness":13.231186866760254,"currBestDistance":12.549918174743653,"currBestFitness":12.549918174743653,"populationSize":3500,"populationPartSize":130,"mutationRate":0.25,"animalPrefabName":"animal00","startingPosition":1.5,"speed":0.10000000149011612,"physicalMutationRate":0.25,"timeBeingAliveImportance":0.0,"bestDistances":[1.1841108798980713,1.7186576128005982,2.0721874237060549,2.5320637226104738,2.9984993934631349,4.928296089172363,7.210887908935547,9.174747467041016,8.16445255279541,11.792274475097657,8.325448036193848,8.577848434448243,8.785280227661133,9.186286926269532,10.485119819641114,11.05907154083252,10.744002342224121,12.109384536743164,13.231186866760254,10.897026062011719,12.684814453125,12.549918174743653],"bestFitnesses":[1.1841108798980713,1.7186576128005982,2.0721874237060549,2.5320637226104738,2.9984993934631349,4.928296089172363,7.210887908935547,9.174747467041016,8.16445255279541,11.792274475097657,8.325448036193848,8.577848434448243,8.785280227661133,9.186286926269532,10.485119819641114,11.05907154083252,10.744002342224121,12.109384536743164,13.231186866760254,10.897026062011719,12.684814453125,12.549918174743653]}