{"populationSize":2500,"populationPartSize":20,"mutationRate":0.20000000298023225,"currentGen":9,"bestDistance":12.220046043395996,"bestFitness":21.052135467529298,"currBestDistance":12.220046043395996,"currBestFitness":21.052135467529298,"animalPrefabName":"animal0","startingPosition":1.5,"speed":0.30000001192092898,"timeBeingAliveImportance":0.20000000298023225,"bestDistances":[2.8526487350463869,3.155761241912842,3.7513837814331056,5.126527309417725,6.749650001525879,7.4629130363464359,10.807063102722168,11.25849437713623,12.220046043395996],"bestFitnesses":[4.016647815704346,5.245096683502197,5.643373489379883,6.886518955230713,11.509648323059082,12.782938003540039,16.727115631103517,18.89862823486328,21.052135467529298]}