{"populationSize":2000,"populationPartSize":20,"mutationRate":0.15000000596046449,"currentGen":15,"bestDistance":3.914818048477173,"currBestDistance":3.7718000411987306,"animalPrefabName":"animal0","startingPosition":0.6499999761581421,"speed":0.30000001192092898,"timeBeingAliveImportance":0.25,"bestDistances":[2.528096914291382,2.4778294563293459,2.903914213180542,3.269089937210083,3.2398104667663576,3.4566476345062258,2.905959367752075,3.8337130546569826,3.4834342002868654,3.7736048698425295,3.7417638301849367,3.880215644836426,3.9028472900390627,3.914818048477173,3.7718000411987306]}