{"currentGen":28,"bestDistance":5.464392185211182,"bestFitness":6.378317356109619,"currBestDistance":5.464392185211182,"currBestFitness":5.9168806076049809,"populationSize":2500,"populationPartSize":80,"mutationRate":0.20000000298023225,"animalPrefabName":"animal00","startingPosition":1.75,"speed":0.25,"maxPercentGenesToMutate":6.0,"timeBeingAliveImportance":0.10000000149011612,"bestDistances":[3.5634000301361086,4.409511566162109,3.9639267921447756,4.331033229827881,5.026329517364502,4.985529899597168,5.248603820800781,5.047227382659912,5.060192584991455,5.046774864196777,5.038731575012207,5.033158779144287,5.034573554992676,5.036317348480225,5.047442436218262,5.0372700691223148,5.0830397605896,5.054413795471191,5.0427656173706059,5.065830230712891,5.039299964904785,5.0992841720581059,5.080031394958496,5.386205673217773,5.057809829711914,5.053110599517822,5.256342887878418,5.464392185211182],"bestFitnesses":[4.900126934051514,4.867523670196533,4.482898712158203,4.722253322601318,5.324329853057861,5.761842250823975,5.73692512512207,5.630255222320557,5.3581929206848148,6.011286735534668,5.336731910705566,5.55067777633667,5.332573890686035,5.334317684173584,6.378317356109619,5.442259311676025,5.572203636169434,5.739851474761963,5.531510353088379,5.36383056640625,5.513902187347412,5.737211227416992,5.614400863647461,5.750205993652344,5.5052666664123539,5.933460235595703,5.6163434982299809,5.9168806076049809]}