{"populationSize":2000,"populationPartSize":20,"mutationRate":0.20000000298023225,"currentGen":11,"bestDistance":8.838605880737305,"bestFitness":12.090578079223633,"currBestDistance":8.838605880737305,"currBestFitness":12.090578079223633,"animalPrefabName":"animal0","startingPosition":1.7999999523162842,"speed":0.3499999940395355,"timeBeingAliveImportance":0.20000000298023225,"bestDistances":[3.8633198738098146,4.000395774841309,5.125548362731934,5.136210918426514,5.436686038970947,5.684590816497803,5.3028950691223148,6.432013511657715,5.917501449584961,7.440462589263916,8.838605880737305],"bestFitnesses":[5.479313373565674,5.648388862609863,6.854722023010254,7.552194118499756,7.660671710968018,7.604580402374268,6.998887538909912,7.930486679077148,7.749492168426514,9.244453430175782,12.090578079223633]}