{"populationSize":6000,"populationPartSize":40,"mutationRate":0.20000000298023225,"currentGen":34,"bestDistance":3.6982946395874025,"bestFitness":9.818155288696289,"currBestDistance":3.37469744682312,"currBestFitness":8.806816101074219,"animalPrefabName":"bipedal2","startingPosition":3.0,"speed":0.30000001192092898,"timeBeingAliveImportance":0.4000000059604645,"bestDistances":[2.450199604034424,2.686145305633545,2.634840488433838,2.644822120666504,2.6800622940063478,2.7003173828125,2.6969850063323976,2.741372585296631,2.6996052265167238,2.7112603187561037,2.770691394805908,3.000916004180908,3.6982946395874025,3.055152654647827,3.232407569885254,3.1789660453796388,3.2053780555725099,3.2705776691436769,3.277496099472046,3.2988219261169435,3.286638021469116,3.3077828884124758,3.310169219970703,3.3105642795562746,3.345215320587158,3.3684675693511965,3.3424487113952638,3.4915127754211427,3.5245754718780519,3.441981315612793,3.4413490295410158,3.511885404586792,3.370894193649292,3.37469744682312],"bestFitnesses":[6.464456558227539,7.220367431640625,7.136022090911865,7.176093101501465,7.191507339477539,7.243951797485352,7.379626750946045,7.363158226013184,7.363973140716553,7.371762752532959,7.516071796417236,7.806981086730957,9.818155288696289,8.195796966552735,8.479414939880371,8.471227645874024,8.52856159210205,8.628321647644043,8.657313346862793,8.60157585144043,8.646760940551758,8.704813957214356,8.66150951385498,8.655431747436524,8.721024513244629,8.699832916259766,8.734930038452149,8.794331550598145,8.87783145904541,8.841526985168457,8.827125549316407,8.935627937316895,8.706087112426758,8.806816101074219]}