{"populationSize":5,"populationPartSize":2,"mutationRate":0.15000000596046449,"currentGen":2,"bestDistance":1.0181373357772828,"currBestDistance":0.8685605525970459,"animalPrefabName":"animal0","startingPosition":0.6499999761581421,"speed":0.30000001192092898,"timeBeingAliveImportance":0.25,"bestDistances":[1.0181373357772828,0.8685605525970459]}