{"populationSize":3000,"populationPartSize":18,"mutationRate":0.20000000298023225,"currentGen":9,"bestDistance":3.9998154640197756,"bestFitness":5.469788074493408,"currBestDistance":3.749591588973999,"currBestFitness":5.469788074493408,"animalPrefabName":"animal00","startingPosition":1.25,"speed":0.25,"timeBeingAliveImportance":0.10000000149011612,"bestDistances":[3.526285409927368,3.0368449687957765,3.3461034297943117,3.269742965698242,3.838406562805176,3.9998154640197756,3.8903567790985109,3.31855845451355,3.749591588973999],"bestFitnesses":[4.0262861251831059,3.662843942642212,4.024101734161377,3.8997418880462648,5.024837493896484,5.295805931091309,4.866351127624512,4.356857776641846,5.469788074493408]}